{
	"0" : [ -0.268040361651701, 0.323976110592053, -0.367758118075391 ],
	"1" : [ -0.216485612457955, 0.239177194026607, -0.427754710948675 ],
	"10" : [ 0.305837279020081, 0.126615524556355, -0.46957533823431 ],
	"11" : [ 0.266847877113073, 0.108883736990514, -0.380553578829572 ],
	"12" : [ 0.120824319739747, 0.320997481901453, -0.331464319020703 ],
	"13" : [ -0.027767507261923, 0.053941335859929, -0.207983017826669 ],
	"14" : [ -0.096044393148535, 0.291800601407729, -0.481014321826512 ],
	"15" : [ -0.189688693365568, -0.098463224632899, 0.157580386635266 ],
	"16" : [ -0.364193483709324, -0.199233400336012, 0.186787390693941 ],
	"17" : [ -0.313945722814282, -0.231354203461876, 0.163397602943805 ],
	"18" : [ -0.452450503994657, -0.310843710393617, 0.332480004780251 ],
	"19" : [ -0.273364760828372, -0.141718292378023, 0.122344041580574 ],
	"2" : [ -0.089718352371091, 0.155241284238023, -0.412625876842272 ],
	"20" : [ 0.181641008044302, 0.232111686934625, -0.452599080284306 ],
	"21" : [ -0.29763109689171, -0.270408691014838, 0.073334445405527 ],
	"22" : [ 0.228770374414513, 0.077800300905402, -0.417421269921982 ],
	"23" : [ 0.180272732678658, 0.201748009934088, -0.5 ],
	"24" : [ -0.333947340252215, -0.370517119133785, -0.00088448172206 ],
	"25" : [ -0.278127517005691, -0.457830568559313, 0.044873517865438 ],
	"26" : [ 0.029281272439985, -0.44453443801582, 0.090200782744488 ],
	"27" : [ -0.125450365127363, -0.46505447582304, 0.075271589732922 ],
	"28" : [ -0.024844513953291, -0.303360829007704, 0.0257103413179 ],
	"29" : [ -0.203287956114667, -0.352394765599467, 0.063050911266173 ],
	"3" : [ 0.119458610140447, 0.013274022147666, -0.428050209230365 ],
	"30" : [ -0.115996686899816, -0.324251096663109, -0.012820359874764 ],
	"31" : [ -0.255853443863918, -0.244380809057655, -0.026629567869554 ],
	"32" : [ 0.076925751096738, 0.351026795907308, -0.472623741146492 ],
	"33" : [ -0.07232932235263, 0.494943317318662, -0.452597090157897 ],
	"34" : [ 0.008057988905731, -0.385820377971111, -0.023105465536004 ],
	"35" : [ 0.084930044137805, -0.158874446750538, -0.184155227269268 ],
	"36" : [ -0.045378012999648, -0.5, 0.043383037331519 ],
	"37" : [ 0.149993187223338, 0.180750752574551, -0.361961995620503 ],
	"38" : [ 0.12286664140224, -0.061204793678964, -0.175891051251528 ],
	"39" : [ -0.05148358335451, -0.184053499388215, -0.14298805598404 ],
	"4" : [ 0.03148124970371, 0.066247780232992, -0.400629857499443 ],
	"40" : [ -0.148600310600765, 0.416941818574752, -0.43510071648511 ],
	"41" : [ -0.478663387371071, -0.258676703979171, 0.445828668095878 ],
	"42" : [ -0.232096561227857, -0.279600024269609, 0.470440914458908 ],
	"43" : [ -0.211842067342443, -0.306001176631355, 0.408925722313366 ],
	"44" : [ -0.5, -0.185276399063293, 0.484058415785857 ],
	"45" : [ -0.301534650088342, -0.163872949481283, 0.5 ],
	"46" : [ -0.383803208680258, -0.331882610891635, 0.457427338682087 ],
	"47" : [ -0.042229609995348, -0.297955404232321, 0.461338478697622 ],
	"48" : [ 0.019600779070811, 0.312544716421064, -0.414884699932815 ],
	"49" : [ 0.002523966560648, -0.106589355453293, -0.220077675248612 ],
	"5" : [ 0.031719796757732, 0.127338506894528, -0.472602741022461 ],
	"50" : [ -0.002518987301221, 0.473182190652284, -0.384410123011713 ],
	"51" : [ -0.141929643506097, -0.052654619913434, -0.059152313914236 ],
	"52" : [ -0.046941401542949, -0.324860879385639, 0.254336421394949 ],
	"53" : [ 0.123495222879023, -0.262785669732181, 0.314189034629074 ],
	"54" : [ -0.290529603381111, -0.073541005202406, 0.458678382245022 ],
	"55" : [ 0.027571729275463, -0.204123538967119, 0.44042068197521 ],
	"56" : [ -0.304981356799705, -0.166572996435498, 0.399904296692364 ],
	"57" : [ -0.231194272518174, -0.272828035932112, 0.257567194222437 ],
	"58" : [ -0.209551552221387, -0.360834062856214, 0.19654596332595 ],
	"59" : [ 0.035796302203947, -0.29879609444632, 0.391979286516622 ],
	"6" : [ -0.067532439201023, -0.202014588091065, -0.061909804269534 ],
	"60" : [ 0.042371093895212, -0.443508096076496, 0.352961275033589 ],
	"61" : [ 0.033570650482054, -0.388141234587884, 0.393137389105358 ],
	"62" : [ -0.08151989214391, -0.364213919940261, 0.316433166312299 ],
	"63" : [ -0.363300755395487, -0.371246564368203, 0.404928841778576 ],
	"64" : [ 0.169383098101518, -0.390414609994817, 0.310563321915026 ],
	"65" : [ -0.140349811337849, -0.141775745817886, 0.468244662204872 ],
	"66" : [ -0.066089728436227, -0.196427170188198, 0.3708797701682 ],
	"67" : [ 0.5, 0.102530550358385, -0.095060735362125 ],
	"68" : [ -0.079794003590946, -0.142009593061833, 0.211880419992079 ],
	"69" : [ 0.050155506375827, 0.430456264806409, -0.317751186345134 ],
	"7" : [ -0.201498241225049, 0.5, -0.397969627759866 ],
	"70" : [ 0.295712186143984, 0.067978590585814, -0.085187149041368 ],
	"71" : [ -0.133002614458318, 0.417117200138187, -0.324769801692452 ],
	"72" : [ -0.078121499906096, 0.017387000010527, -0.102869779841832 ],
	"73" : [ 0.062178216806761, -0.081930615901635, -0.088105143485134 ],
	"74" : [ -0.080935488526307, -0.254153062479271, 0.083772363264244 ],
	"75" : [ -0.009936572288181, -0.126245604833691, -0.018620552176947 ],
	"76" : [ -0.030198709380058, -0.275844006447269, 0.154922775705907 ],
	"77" : [ 0.033448120750097, 0.041059957998432, -0.047277888106904 ],
	"78" : [ 0.03584829468745, -0.026568018982921, 0.352196213699629 ],
	"79" : [ -0.134513561265301, -0.009993401271996, 0.373297665804998 ],
	"8" : [ 0.069847164214071, 0.088607154435581, -0.312815644840212 ],
	"80" : [ -0.113864348669242, 0.020058209553944, 0.413337116934229 ],
	"81" : [ 0.174841194469196, -0.062223521754024, 0.229884026335076 ],
	"82" : [ 0.235325870387557, -0.176229208109783, 0.356458884803424 ],
	"83" : [ 0.096320295548476, -0.108694857547987, 0.413835813369675 ],
	"84" : [ 0.450457342043768, 0.144380916735587, -0.05289210346995 ],
	"85" : [ 0.162871160041578, 0.062364107690756, -0.021254465673157 ],
	"86" : [ 0.185764303789339, -0.175039365438936, 0.209054633920699 ],
	"87" : [ 0.320412117380557, 0.014251882975022, -0.006041887279637 ],
	"88" : [ -0.046838493974291, 0.410874153987488, -0.275079273988231 ],
	"89" : [ -0.025660605813916, 0.070795230475085, -0.131214493127528 ],
	"9" : [ -0.157269060655495, 0.487336469967399, -0.33581578896143 ],
	"90" : [ 0.370597597791507, 0.143686206118081, -0.149829395427059 ],
	"91" : [ 0.341640095841318, 0.194843030130192, -0.106853446648295 ]
}
